                  epoch,         train/box_loss,         train/cls_loss,         train/dfl_loss,   metrics/precision(B),      metrics/recall(B),       metrics/mAP50(B),    metrics/mAP50-95(B),           val/box_loss,           val/cls_loss,           val/dfl_loss,                 lr/pg0,                 lr/pg1,                 lr/pg2
                      1,                0.73756,                 3.1675,                 1.2508,                0.61852,                0.55844,                0.62388,                0.53918,                0.54885,                  1.574,                  1.041,             9.7588e-05,             9.7588e-05,             9.7588e-05
                      2,                0.59876,                 1.5089,                 1.1098,                0.64152,                0.66417,                  0.718,                0.60829,                 0.5972,                 1.2658,                 1.0788,             0.00019365,             0.00019365,             0.00019365
                      3,                0.60693,                 1.2867,                 1.1119,                0.72327,                0.65357,                0.75328,                0.64097,                0.61297,                  1.209,                 1.0913,             0.00028778,             0.00028778,             0.00028778
                      4,                0.59407,                 1.1469,                  1.099,                0.74136,                 0.7218,                 0.7741,                0.65852,                0.58822,                 1.1007,                 1.0743,             0.00028527,             0.00028527,             0.00028527
                      5,                0.58388,                 1.0461,                 1.0972,                0.71362,                0.75818,                0.80547,                0.68874,                 0.5908,                0.98787,                 1.0879,             0.00028236,             0.00028236,             0.00028236
                      6,                0.57589,                0.99243,                 1.0921,                0.79316,                0.75338,                0.83068,                0.71062,                0.58563,                0.93205,                 1.0687,             0.00027945,             0.00027945,             0.00027945
                      7,                0.55639,                0.89898,                 1.0753,                0.80914,                0.77163,                0.85438,                0.74207,                0.55993,                0.83889,                 1.0426,             0.00027654,             0.00027654,             0.00027654
                      8,                 0.5495,                0.87496,                 1.0773,                0.79133,                0.75719,                0.83945,                 0.7353,                0.54121,                0.89639,                   1.02,             0.00027363,             0.00027363,             0.00027363
                      9,                 0.5412,                0.81307,                  1.067,                0.85567,                0.79811,                0.87954,                0.77607,                0.53263,                0.73126,                 1.0197,             0.00027072,             0.00027072,             0.00027072
                     10,                0.54072,                0.81353,                 1.0652,                0.83046,                0.77349,                0.86209,                 0.7529,                0.54265,                 0.7828,                 1.0302,              0.0002678,              0.0002678,              0.0002678
                     11,                0.52176,                0.76172,                 1.0532,                0.83893,                0.80804,                0.88039,                0.77842,                0.53401,                0.74043,                 1.0155,             0.00026489,             0.00026489,             0.00026489
                     12,                0.51836,                0.73063,                 1.0504,                0.87007,                0.80256,                0.89322,                0.79469,                 0.5122,                0.67672,                 1.0043,             0.00026198,             0.00026198,             0.00026198
                     13,                0.51045,                 0.7068,                 1.0432,                0.83799,                 0.8097,                0.89149,                0.78949,                0.51716,                0.70041,                 1.0075,             0.00025907,             0.00025907,             0.00025907
                     14,                0.50231,                0.69521,                 1.0369,                0.85152,                0.80648,                0.88575,                0.78682,                 0.5254,                0.70049,                 1.0147,             0.00025616,             0.00025616,             0.00025616
                     15,                0.50566,                 0.6769,                 1.0414,                0.87312,                 0.8136,                0.89935,                 0.8069,                0.49834,                0.64163,                0.99028,             0.00025325,             0.00025325,             0.00025325
                     16,                 0.4971,                0.65924,                 1.0385,                0.86819,                0.79781,                0.89624,                 0.8008,                0.51314,                0.66577,                 1.0004,             0.00025034,             0.00025034,             0.00025034
                     17,                0.48919,                  0.634,                  1.029,                0.83866,                0.81915,                 0.8877,                0.78473,                0.52565,                0.70343,                  1.014,             0.00024743,             0.00024743,             0.00024743
                     18,                0.48947,                0.62936,                  1.031,                0.87406,                0.84108,                0.90785,                0.80976,                0.51428,                0.63727,                 1.0043,             0.00024452,             0.00024452,             0.00024452
                     19,                0.48661,                0.61865,                 1.0282,                0.89511,                0.83691,                0.91496,                0.82814,                0.48692,                0.60343,                0.97177,             0.00024161,             0.00024161,             0.00024161
                     20,                0.48073,                0.59039,                 1.0231,                0.86219,                0.84676,                 0.9091,                0.81842,                0.49309,                0.60448,                0.97878,              0.0002387,              0.0002387,              0.0002387
                     21,                0.47484,                0.57722,                 1.0213,                0.88926,                0.81163,                0.90905,                0.82022,                0.48287,                0.61875,                0.97754,             0.00023579,             0.00023579,             0.00023579
                     22,                0.47723,                0.57392,                 1.0177,                0.86069,                 0.8497,                0.90597,                0.81969,                 0.4793,                0.59667,                0.96896,             0.00023288,             0.00023288,             0.00023288
                     23,                0.46111,                0.56482,                  1.011,                 0.8748,                0.85435,                0.92271,                0.83077,                0.48607,                0.57301,                0.97712,             0.00022997,             0.00022997,             0.00022997
                     24,                0.46987,                0.55842,                 1.0138,                0.88374,                0.84396,                0.92087,                0.83794,                0.47157,                0.57254,                0.95634,             0.00022706,             0.00022706,             0.00022706
                     25,                0.46218,                0.53945,                 1.0075,                0.87083,                0.84788,                0.90758,                0.82007,                0.48071,                0.60742,                0.96491,             0.00022415,             0.00022415,             0.00022415
                     26,                0.45957,                0.54125,                 1.0119,                0.88855,                  0.842,                0.91874,                0.82969,                0.47355,                0.57353,                0.96676,             0.00022123,             0.00022123,             0.00022123
                     27,                0.45797,                0.53245,                 1.0021,                0.88359,                0.85284,                0.91654,                 0.8295,                0.47696,                0.56641,                0.96942,             0.00021832,             0.00021832,             0.00021832
                     28,                0.44766,                0.51511,                  1.001,                0.87865,                 0.8421,                0.91731,                0.83103,                0.47068,                0.58445,                0.95608,             0.00021541,             0.00021541,             0.00021541
                     29,                0.44261,                 0.4985,                0.99775,                0.89229,                0.81926,                0.90818,                0.82052,                0.48115,                0.61521,                0.97184,              0.0002125,              0.0002125,              0.0002125
                     30,                0.44387,                0.49409,                0.99551,                0.89133,                0.84062,                0.92057,                0.83184,                0.48321,                0.55906,                0.96994,             0.00020959,             0.00020959,             0.00020959
                     31,                  0.444,                0.49433,                 1.0002,                0.88019,                0.84755,                0.91377,                0.83038,                0.46929,                0.58321,                 0.9577,             0.00020668,             0.00020668,             0.00020668
                     32,                0.43793,                0.49807,                 0.9982,                0.86384,                0.86938,                0.92059,                0.83393,                0.47358,                0.56065,                0.95877,             0.00020377,             0.00020377,             0.00020377
                     33,                0.44271,                0.48443,                0.99646,                0.89569,                0.85777,                0.92789,                0.83827,                 0.4709,                0.52779,                0.95755,             0.00020086,             0.00020086,             0.00020086
                     34,                0.44362,                0.47765,                0.99689,                0.88609,                0.84888,                0.91409,                0.83257,                0.46516,                0.56408,                0.94994,             0.00019795,             0.00019795,             0.00019795
                     35,                0.43031,                0.47028,                0.99132,                0.89354,                0.85861,                0.92534,                0.84231,                 0.4604,                0.52369,                0.94871,             0.00019504,             0.00019504,             0.00019504
                     36,                0.44191,                0.47774,                 1.0013,                0.91329,                0.83849,                0.92329,                0.83663,                 0.4701,                0.54365,                0.95957,             0.00019213,             0.00019213,             0.00019213
                     37,                0.42631,                0.46496,                0.99261,                0.89707,                0.86231,                0.92589,                 0.8427,                0.45433,                0.52796,                0.94979,             0.00018922,             0.00018922,             0.00018922
                     38,                0.42113,                0.45499,                 0.9905,                 0.8767,                0.86406,                0.92636,                0.83922,                0.47012,                0.52777,                0.96196,             0.00018631,             0.00018631,             0.00018631
                     39,                0.42453,                 0.4468,                0.98985,                0.89706,                0.86128,                0.92966,                0.84543,                0.46643,                0.52539,                  0.955,              0.0001834,              0.0001834,              0.0001834
                     40,                0.41744,                0.43732,                 0.9881,                0.90746,                0.83244,                 0.9234,                0.84162,                0.46566,                0.56085,                0.96088,             0.00018049,             0.00018049,             0.00018049
                     41,                0.42367,                0.44324,                  0.987,                0.89282,                0.86514,                0.92946,                0.84767,                0.46195,                0.51037,                0.94863,             0.00017758,             0.00017758,             0.00017758
                     42,                0.42207,                0.42607,                0.98634,                0.90878,                0.86087,                0.93164,                 0.8508,                 0.4545,                0.50961,                0.94314,             0.00017467,             0.00017467,             0.00017467
                     43,                0.41958,                0.43154,                0.98678,                 0.9013,                0.84857,                0.92899,                0.84836,                0.45576,                0.53007,                0.94563,             0.00017175,             0.00017175,             0.00017175
                     44,                0.41763,                0.42231,                0.98707,                 0.9161,                0.84315,                0.92247,                0.83868,                0.46938,                0.54439,                0.96223,             0.00016884,             0.00016884,             0.00016884
                     45,                0.41363,                0.40975,                0.98297,                0.89907,                0.84541,                0.91954,                0.83751,                0.45689,                0.56356,                0.94803,             0.00016593,             0.00016593,             0.00016593
                     46,                0.40379,                0.42126,                 0.9767,                0.88397,                0.87893,                0.92779,                 0.8475,                0.46392,                0.53668,                0.95411,             0.00016302,             0.00016302,             0.00016302
                     47,                0.40701,                0.40834,                0.97958,                0.88825,                0.87015,                 0.9307,                0.84975,                0.45404,                0.51386,                0.94161,             0.00016011,             0.00016011,             0.00016011
                     48,                0.40909,                0.40333,                0.97767,                0.91248,                0.84394,                0.93123,                0.85173,                0.45447,                 0.5099,                 0.9458,              0.0001572,              0.0001572,              0.0001572
                     49,                0.40209,                0.39883,                0.97685,                0.91743,                0.85108,                0.92672,                0.84743,                0.45511,                0.52913,                0.95213,             0.00015429,             0.00015429,             0.00015429
                     50,                0.39968,                0.40343,                0.97357,                0.87461,                0.87643,                0.92608,                0.84625,                0.45508,                0.53418,                0.94183,             0.00015138,             0.00015138,             0.00015138
                     51,                0.39302,                0.38762,                0.96824,                0.89469,                0.86311,                 0.9291,                0.85166,                0.45046,                0.52774,                0.94474,             0.00014847,             0.00014847,             0.00014847
                     52,                0.39082,                0.38435,                0.96822,                0.89415,                0.87735,                0.92581,                0.84902,                0.45285,                0.53106,                 0.9459,             0.00014556,             0.00014556,             0.00014556
                     53,                0.39722,                0.38818,                0.97266,                0.92217,                0.85591,                0.93153,                0.85393,                 0.4521,                0.49894,                0.94236,             0.00014265,             0.00014265,             0.00014265
                     54,                0.38863,                0.37469,                0.96545,                 0.9176,                0.86457,                0.93207,                0.85963,                0.44371,                0.51638,                0.93694,             0.00013974,             0.00013974,             0.00013974
                     55,                0.39405,                0.37754,                0.96939,                0.88614,                0.87967,                0.93274,                0.85668,                 0.4484,                  0.506,                0.93913,             0.00013683,             0.00013683,             0.00013683
                     56,                0.38557,                0.37368,                0.97086,                  0.915,                0.86459,                0.93483,                0.85603,                0.43654,                0.49738,                0.93191,             0.00013392,             0.00013392,             0.00013392
                     57,                0.38277,                 0.3647,                0.96301,                0.90043,                0.87263,                0.93347,                0.85845,                0.43865,                0.50262,                  0.933,             0.00013101,             0.00013101,             0.00013101
                     58,                0.38844,                0.37111,                0.96801,                 0.9177,                 0.8625,                0.93236,                 0.8579,                0.43772,                0.50999,                0.93165,              0.0001281,              0.0001281,              0.0001281
                     59,                 0.3781,                0.35979,                0.96404,                0.92116,                0.85036,                0.93222,                0.85813,                 0.4388,                0.50365,                0.93298,             0.00012519,             0.00012519,             0.00012519
                     60,                0.37661,                0.35502,                0.95971,                 0.9142,                0.87142,                0.93739,                0.85904,                0.44629,                0.48498,                0.94215,             0.00012227,             0.00012227,             0.00012227
                     61,                0.38213,                0.35558,                0.96275,                0.89221,                0.88358,                  0.936,                0.86063,                 0.4474,                0.49526,                0.94323,             0.00011936,             0.00011936,             0.00011936
                     62,                0.37332,                0.35231,                0.95978,                0.88258,                0.89179,                0.93714,                0.86219,                 0.4443,                0.50504,                0.93911,             0.00011645,             0.00011645,             0.00011645
                     63,                0.38051,                0.35668,                0.96584,                0.88983,                0.88151,                0.93163,                 0.8584,                0.43636,                 0.4884,                0.93211,             0.00011354,             0.00011354,             0.00011354
                     64,                0.37028,                0.34197,                0.95896,                0.91471,                0.87202,                0.93273,                0.85839,                0.44612,                0.51307,                0.94284,             0.00011063,             0.00011063,             0.00011063
                     65,                0.37442,                0.34622,                0.96036,                0.90991,                0.87602,                0.93271,                 0.8607,                0.44437,                 0.5103,                0.94033,             0.00010772,             0.00010772,             0.00010772
                     66,                0.36462,                0.33429,                0.95398,                0.91265,                0.87948,                0.93503,                0.86062,                0.43916,                0.47701,                0.94133,             0.00010481,             0.00010481,             0.00010481
                     67,                0.36667,                0.33239,                0.95619,                0.90953,                0.87576,                0.93306,                0.86229,                0.44391,                0.49096,                0.93439,              0.0001019,              0.0001019,              0.0001019
                     68,                0.36468,                0.33023,                0.95205,                0.91204,                0.88294,                0.93869,                0.86569,                0.43821,                0.47695,                0.93205,              9.899e-05,              9.899e-05,              9.899e-05
                     69,                0.36564,                0.33306,                0.95723,                0.90791,                0.86559,                0.93389,                0.86021,                0.44216,                 0.4921,                0.93584,             9.6079e-05,             9.6079e-05,             9.6079e-05
                     70,                 0.3593,                0.32165,                0.95483,                0.91004,                 0.8711,                0.93287,                0.86302,                0.43911,                0.49591,                 0.9291,             9.3169e-05,             9.3169e-05,             9.3169e-05
                     71,                0.36348,                0.32487,                0.95603,                0.91424,                 0.8847,                0.93898,                0.86648,                0.43737,                 0.4736,                0.93034,             9.0258e-05,             9.0258e-05,             9.0258e-05
                     72,                0.35474,                0.32403,                0.94866,                0.90776,                0.87634,                0.93565,                0.86527,                0.42967,                0.48762,                0.92205,             8.7347e-05,             8.7347e-05,             8.7347e-05
                     73,                 0.3575,                0.32554,                 0.9499,                0.91614,                0.87002,                0.93985,                0.86966,                0.43494,                0.47524,                0.93346,             8.4437e-05,             8.4437e-05,             8.4437e-05
                     74,                0.35279,                0.31181,                0.94788,                 0.8974,                0.89284,                0.93805,                0.86813,                0.43208,                0.47353,                0.92553,             8.1526e-05,             8.1526e-05,             8.1526e-05
                     75,                0.35684,                0.31621,                0.95081,                0.92561,                0.85879,                0.93693,                 0.8664,                0.43665,                0.49156,                0.92832,             7.8616e-05,             7.8616e-05,             7.8616e-05
                     76,                0.35197,                0.31537,                0.94676,                 0.9209,                0.87388,                0.94014,                0.86952,                0.43233,                0.47227,                0.92778,             7.5705e-05,             7.5705e-05,             7.5705e-05
                     77,                0.35131,                0.30167,                0.94622,                0.92363,                0.87654,                0.94212,                0.87272,                0.42939,                  0.465,                0.92287,             7.2794e-05,             7.2794e-05,             7.2794e-05
                     78,                0.34829,                0.31386,                0.94823,                0.91548,                0.87726,                0.93948,                0.87005,                0.43028,                0.46387,                0.92686,             6.9884e-05,             6.9884e-05,             6.9884e-05
                     79,                0.34278,                0.30632,                0.94332,                0.89571,                0.89031,                0.93741,                0.86769,                0.43152,                0.47638,                0.92324,             6.6973e-05,             6.6973e-05,             6.6973e-05
                     80,                0.34482,                0.29862,                0.94366,                0.91144,                0.88635,                 0.9405,                0.87255,                0.42919,                0.45683,                0.92357,             6.4063e-05,             6.4063e-05,             6.4063e-05
                     81,                0.34327,                0.29521,                0.94721,                0.91913,                 0.8707,                0.93936,                0.86932,                0.42949,                0.46287,                0.92353,             6.1152e-05,             6.1152e-05,             6.1152e-05
                     82,                0.34209,                0.29419,                0.94231,                0.91179,                 0.8738,                0.93782,                0.87003,                0.42928,                 0.4625,                0.92315,             5.8241e-05,             5.8241e-05,             5.8241e-05
                     83,                0.33872,                0.28977,                0.94193,                0.91658,                0.87769,                0.93896,                0.87059,                0.43218,                0.47592,                0.92581,             5.5331e-05,             5.5331e-05,             5.5331e-05
                     84,                0.33541,                0.29035,                0.94135,                0.93234,                0.87472,                0.93902,                0.87077,                0.43257,                0.47162,                0.92457,              5.242e-05,              5.242e-05,              5.242e-05
                     85,                0.33733,                0.29046,                0.94511,                0.92695,                0.87077,                0.93858,                 0.8686,                0.43121,                0.47382,                0.92368,              4.951e-05,              4.951e-05,              4.951e-05
                     86,                0.33772,                0.28655,                0.94304,                0.91453,                0.87703,                0.93716,                0.86904,                0.43163,                 0.4691,                0.92622,             4.6599e-05,             4.6599e-05,             4.6599e-05
                     87,                0.33453,                0.28574,                0.94247,                0.92448,                0.86823,                0.93379,                0.86663,                0.43435,                0.48128,                0.92782,             4.3688e-05,             4.3688e-05,             4.3688e-05
                     88,                0.32609,                0.27622,                0.93515,                0.92949,                0.86117,                0.93773,                0.86921,                0.43331,                 0.4706,                0.92982,             4.0778e-05,             4.0778e-05,             4.0778e-05
                     89,                  0.328,                0.27046,                0.93883,                0.92973,                0.87113,                0.93767,                0.86954,                0.43416,                0.47253,                  0.933,             3.7867e-05,             3.7867e-05,             3.7867e-05
                     90,                0.32264,                0.27204,                0.93716,                0.91364,                0.87787,                0.93662,                0.86994,                0.43569,                0.46572,                0.93168,             3.4957e-05,             3.4957e-05,             3.4957e-05
                     91,                0.26796,                 0.2055,                 0.8732,                0.92147,                0.88066,                0.93544,                0.86427,                0.44179,                0.46983,                0.94411,             3.2046e-05,             3.2046e-05,             3.2046e-05
                     92,                0.26449,                0.18704,                0.87301,                0.92696,                0.86948,                 0.9364,                0.86804,                0.43773,                0.47123,                0.94014,             2.9135e-05,             2.9135e-05,             2.9135e-05
                     93,                0.25593,                0.17971,                0.86434,                0.91104,                0.88129,                0.93815,                0.87219,                0.43089,                0.46758,                0.93528,             2.6225e-05,             2.6225e-05,             2.6225e-05
                     94,                0.25259,                0.18053,                0.86363,                0.91965,                0.87737,                0.93619,                0.87285,                0.43061,                0.47206,                0.93464,             2.3314e-05,             2.3314e-05,             2.3314e-05
                     95,                0.25039,                0.17838,                0.86206,                0.91101,                0.88774,                0.94004,                0.87585,                0.43027,                0.46035,                0.93385,             2.0404e-05,             2.0404e-05,             2.0404e-05
                     96,                0.24544,                0.17283,                0.86226,                 0.9269,                0.88455,                0.94093,                0.87582,                 0.4291,                 0.4602,                0.93361,             1.7493e-05,             1.7493e-05,             1.7493e-05
                     97,                0.24723,                0.17003,                0.85965,                0.92909,                0.87643,                 0.9392,                0.87438,                0.42931,                0.47016,                0.93293,             1.4582e-05,             1.4582e-05,             1.4582e-05
                     98,                0.24403,                0.17185,                0.85933,                0.91844,                0.88024,                0.93788,                0.87336,                0.43001,                0.47467,                0.93441,             1.1672e-05,             1.1672e-05,             1.1672e-05
                     99,                0.24222,                0.16774,                 0.8611,                0.91606,                0.88224,                0.93884,                0.87448,                0.42817,                0.47053,                0.93378,             8.7612e-06,             8.7612e-06,             8.7612e-06
                    100,                0.23989,                0.16533,                0.85807,                0.91556,                0.88459,                0.93788,                0.87383,                0.42977,                0.47242,                0.93492,             5.8506e-06,             5.8506e-06,             5.8506e-06
